iter	RMSE
0	302.6170932
1	287.5908244
